"Name","Length","RelativePath"
"all_assets.csv","0","all_assets.csv"
"favicon.svg","9522","favicon.svg"
"icons.svg","5031","icons.svg"
"LowPolyTreePack.blend","2741460","LowPolyTreePack.blend"
"README.txt","492","Demo\README.txt"
"Fence Type2 03.dae","18386","Demo\Models\Fence Type2 03.dae"
"Rock Type2 04.dae","8147","Demo\Models\Rock Type2 04.dae"
"Tree Type1 04.dae","17494","Demo\Models\Tree Type1 04.dae"
"Tree Type3 04.dae","62378","Demo\Models\Tree Type3 04.dae"
"Colorsheet Fence Brown.png","166","Demo\Textures\Colorsheet Fence Brown.png"
"Colorsheet Rock Grey.png","171","Demo\Textures\Colorsheet Rock Grey.png"
"Colorsheet Tree Normal.png","232","Demo\Textures\Colorsheet Tree Normal.png"
"Occlusion Fence.png","158","Demo\Textures\Occlusion Fence.png"
"README.txt","452","Models\README.txt"
"Tree Type0 01.dae","100883","Models\Models\Tree Type0 01.dae"
"Tree Type0 02.dae","90486","Models\Models\Tree Type0 02.dae"
"Tree Type0 03.dae","169290","Models\Models\Tree Type0 03.dae"
"Tree Type0 04.dae","403517","Models\Models\Tree Type0 04.dae"
"Tree Type0 05.dae","48871","Models\Models\Tree Type0 05.dae"
"Tree Type0 06.dae","96204","Models\Models\Tree Type0 06.dae"
"Tree Type1 01.dae","9475","Models\Models\Tree Type1 01.dae"
"Tree Type1 02.dae","9471","Models\Models\Tree Type1 02.dae"
"Tree Type1 03.dae","11736","Models\Models\Tree Type1 03.dae"
"Tree Type1 04.dae","17386","Models\Models\Tree Type1 04.dae"
"Tree Type1 05.dae","24033","Models\Models\Tree Type1 05.dae"
"Tree Type2 01.dae","21212","Models\Models\Tree Type2 01.dae"
"Tree Type2 02.dae","20854","Models\Models\Tree Type2 02.dae"
"Tree Type2 03.dae","29093","Models\Models\Tree Type2 03.dae"
"Tree Type2 04.dae","36439","Models\Models\Tree Type2 04.dae"
"Tree Type2 05.dae","44267","Models\Models\Tree Type2 05.dae"
"Tree Type3 01.dae","21553","Models\Models\Tree Type3 01.dae"
"Tree Type3 02.dae","40498","Models\Models\Tree Type3 02.dae"
"Tree Type3 03.dae","51009","Models\Models\Tree Type3 03.dae"
"Tree Type3 04.dae","62270","Models\Models\Tree Type3 04.dae"
"Tree Type3 05.dae","62460","Models\Models\Tree Type3 05.dae"
"Tree Type4 01.dae","28301","Models\Models\Tree Type4 01.dae"
"Tree Type4 02.dae","40954","Models\Models\Tree Type4 02.dae"
"Tree Type4 03.dae","42952","Models\Models\Tree Type4 03.dae"
"Tree Type4 04.dae","87964","Models\Models\Tree Type4 04.dae"
"Tree Type4 05.dae","138125","Models\Models\Tree Type4 05.dae"
"Tree Type5 01.dae","24390","Models\Models\Tree Type5 01.dae"
"Tree Type5 02.dae","41962","Models\Models\Tree Type5 02.dae"
"Tree Type5 03.dae","61814","Models\Models\Tree Type5 03.dae"
"Tree Type5 04.dae","84589","Models\Models\Tree Type5 04.dae"
"Tree Type6 01.dae","24894","Models\Models\Tree Type6 01.dae"
"Tree Type6 02.dae","96192","Models\Models\Tree Type6 02.dae"
"Tree Type6 03.dae","121655","Models\Models\Tree Type6 03.dae"
"Tree Type6 04.dae","234276","Models\Models\Tree Type6 04.dae"
"Tree Type7 01.dae","35988","Models\Models\Tree Type7 01.dae"
"Tree Type7 02.dae","43602","Models\Models\Tree Type7 02.dae"
"Tree Type7 03.dae","37524","Models\Models\Tree Type7 03.dae"
"Tree Type7 04.dae","67560","Models\Models\Tree Type7 04.dae"
"Colorsheet Tree Cold.png","227","Models\Textures\Colorsheet Tree Cold.png"
"Colorsheet Tree Dry.png","228","Models\Textures\Colorsheet Tree Dry.png"
"Colorsheet Tree Fall.png","217","Models\Textures\Colorsheet Tree Fall.png"
"Colorsheet Tree Normal.png","232","Models\Textures\Colorsheet Tree Normal.png"
"License_Standard.txt","852","Stylized Nature MegaKit[Standard]\License_Standard.txt"
"Preview_1.jpg","598487","Stylized Nature MegaKit[Standard]\Preview_1.jpg"
"Preview_2.jpg","679539","Stylized Nature MegaKit[Standard]\Preview_2.jpg"
"Preview_3.jpg","440967","Stylized Nature MegaKit[Standard]\Preview_3.jpg"
"Preview_4.jpg","796873","Stylized Nature MegaKit[Standard]\Preview_4.jpg"
"Bush_Common.fbx","81580","Stylized Nature MegaKit[Standard]\FBX\Bush_Common.fbx"
"Bush_Common_Flowers.fbx","112316","Stylized Nature MegaKit[Standard]\FBX\Bush_Common_Flowers.fbx"
"Clover_1.fbx","32668","Stylized Nature MegaKit[Standard]\FBX\Clover_1.fbx"
"Clover_2.fbx","40108","Stylized Nature MegaKit[Standard]\FBX\Clover_2.fbx"
"CommonTree_1.fbx","365068","Stylized Nature MegaKit[Standard]\FBX\CommonTree_1.fbx"
"CommonTree_2.fbx","323340","Stylized Nature MegaKit[Standard]\FBX\CommonTree_2.fbx"
"CommonTree_3.fbx","232284","Stylized Nature MegaKit[Standard]\FBX\CommonTree_3.fbx"
"CommonTree_4.fbx","236428","Stylized Nature MegaKit[Standard]\FBX\CommonTree_4.fbx"
"CommonTree_5.fbx","206108","Stylized Nature MegaKit[Standard]\FBX\CommonTree_5.fbx"
"DeadTree_1.fbx","320524","Stylized Nature MegaKit[Standard]\FBX\DeadTree_1.fbx"
"DeadTree_2.fbx","339660","Stylized Nature MegaKit[Standard]\FBX\DeadTree_2.fbx"
"DeadTree_3.fbx","299196","Stylized Nature MegaKit[Standard]\FBX\DeadTree_3.fbx"
"DeadTree_4.fbx","293996","Stylized Nature MegaKit[Standard]\FBX\DeadTree_4.fbx"
"DeadTree_5.fbx","291356","Stylized Nature MegaKit[Standard]\FBX\DeadTree_5.fbx"
"Fern_1.fbx","31884","Stylized Nature MegaKit[Standard]\FBX\Fern_1.fbx"
"Flower_3_Group.fbx","48716","Stylized Nature MegaKit[Standard]\FBX\Flower_3_Group.fbx"
"Flower_3_Single.fbx","32924","Stylized Nature MegaKit[Standard]\FBX\Flower_3_Single.fbx"
"Flower_4_Group.fbx","78252","Stylized Nature MegaKit[Standard]\FBX\Flower_4_Group.fbx"
"Flower_4_Single.fbx","44876","Stylized Nature MegaKit[Standard]\FBX\Flower_4_Single.fbx"
"Grass_Common_Short.fbx","25996","Stylized Nature MegaKit[Standard]\FBX\Grass_Common_Short.fbx"
"Grass_Common_Tall.fbx","32604","Stylized Nature MegaKit[Standard]\FBX\Grass_Common_Tall.fbx"
"Grass_Wispy_Short.fbx","40620","Stylized Nature MegaKit[Standard]\FBX\Grass_Wispy_Short.fbx"
"Grass_Wispy_Tall.fbx","43948","Stylized Nature MegaKit[Standard]\FBX\Grass_Wispy_Tall.fbx"
"Mushroom_Common.fbx","42636","Stylized Nature MegaKit[Standard]\FBX\Mushroom_Common.fbx"
"Mushroom_Laetiporus.fbx","106748","Stylized Nature MegaKit[Standard]\FBX\Mushroom_Laetiporus.fbx"
"Pebble_Round_1.fbx","22716","Stylized Nature MegaKit[Standard]\FBX\Pebble_Round_1.fbx"
"Pebble_Round_2.fbx","22028","Stylized Nature MegaKit[Standard]\FBX\Pebble_Round_2.fbx"
"Pebble_Round_3.fbx","22396","Stylized Nature MegaKit[Standard]\FBX\Pebble_Round_3.fbx"
"Pebble_Round_4.fbx","22316","Stylized Nature MegaKit[Standard]\FBX\Pebble_Round_4.fbx"
"Pebble_Round_5.fbx","22204","Stylized Nature MegaKit[Standard]\FBX\Pebble_Round_5.fbx"
"Pebble_Square_1.fbx","21708","Stylized Nature MegaKit[Standard]\FBX\Pebble_Square_1.fbx"
"Pebble_Square_2.fbx","20908","Stylized Nature MegaKit[Standard]\FBX\Pebble_Square_2.fbx"
"Pebble_Square_3.fbx","20108","Stylized Nature MegaKit[Standard]\FBX\Pebble_Square_3.fbx"
"Pebble_Square_4.fbx","20140","Stylized Nature MegaKit[Standard]\FBX\Pebble_Square_4.fbx"
"Pebble_Square_5.fbx","20796","Stylized Nature MegaKit[Standard]\FBX\Pebble_Square_5.fbx"
"Pebble_Square_6.fbx","20540","Stylized Nature MegaKit[Standard]\FBX\Pebble_Square_6.fbx"
"Petal_1.fbx","19676","Stylized Nature MegaKit[Standard]\FBX\Petal_1.fbx"
"Petal_2.fbx","19820","Stylized Nature MegaKit[Standard]\FBX\Petal_2.fbx"
"Petal_3.fbx","19820","Stylized Nature MegaKit[Standard]\FBX\Petal_3.fbx"
"Petal_4.fbx","20236","Stylized Nature MegaKit[Standard]\FBX\Petal_4.fbx"
"Petal_5.fbx","19820","Stylized Nature MegaKit[Standard]\FBX\Petal_5.fbx"
"Pine_1.fbx","222204","Stylized Nature MegaKit[Standard]\FBX\Pine_1.fbx"
"Pine_2.fbx","205036","Stylized Nature MegaKit[Standard]\FBX\Pine_2.fbx"
"Pine_3.fbx","263724","Stylized Nature MegaKit[Standard]\FBX\Pine_3.fbx"
"Pine_4.fbx","198108","Stylized Nature MegaKit[Standard]\FBX\Pine_4.fbx"
"Pine_5.fbx","112124","Stylized Nature MegaKit[Standard]\FBX\Pine_5.fbx"
"Plant_1.fbx","24412","Stylized Nature MegaKit[Standard]\FBX\Plant_1.fbx"
"Plant_1_Big.fbx","34188","Stylized Nature MegaKit[Standard]\FBX\Plant_1_Big.fbx"
"Plant_7.fbx","21308","Stylized Nature MegaKit[Standard]\FBX\Plant_7.fbx"
"Plant_7_Big.fbx","24268","Stylized Nature MegaKit[Standard]\FBX\Plant_7_Big.fbx"
"RockPath_Round_Small_1.fbx","46220","Stylized Nature MegaKit[Standard]\FBX\RockPath_Round_Small_1.fbx"
"RockPath_Round_Small_2.fbx","48956","Stylized Nature MegaKit[Standard]\FBX\RockPath_Round_Small_2.fbx"
"RockPath_Round_Small_3.fbx","46460","Stylized Nature MegaKit[Standard]\FBX\RockPath_Round_Small_3.fbx"
"RockPath_Round_Thin.fbx","76796","Stylized Nature MegaKit[Standard]\FBX\RockPath_Round_Thin.fbx"
"RockPath_Round_Wide.fbx","106940","Stylized Nature MegaKit[Standard]\FBX\RockPath_Round_Wide.fbx"
"RockPath_Square_Small_1.fbx","40060","Stylized Nature MegaKit[Standard]\FBX\RockPath_Square_Small_1.fbx"
"RockPath_Square_Small_2.fbx","33628","Stylized Nature MegaKit[Standard]\FBX\RockPath_Square_Small_2.fbx"
"RockPath_Square_Small_3.fbx","34188","Stylized Nature MegaKit[Standard]\FBX\RockPath_Square_Small_3.fbx"
"RockPath_Square_Thin.fbx","64620","Stylized Nature MegaKit[Standard]\FBX\RockPath_Square_Thin.fbx"
"RockPath_Square_Wide.fbx","75260","Stylized Nature MegaKit[Standard]\FBX\RockPath_Square_Wide.fbx"
"Rock_Medium_1.fbx","30572","Stylized Nature MegaKit[Standard]\FBX\Rock_Medium_1.fbx"
"Rock_Medium_2.fbx","27164","Stylized Nature MegaKit[Standard]\FBX\Rock_Medium_2.fbx"
"Rock_Medium_3.fbx","37052","Stylized Nature MegaKit[Standard]\FBX\Rock_Medium_3.fbx"
"TwistedTree_1.fbx","526716","Stylized Nature MegaKit[Standard]\FBX\TwistedTree_1.fbx"
"TwistedTree_2.fbx","506828","Stylized Nature MegaKit[Standard]\FBX\TwistedTree_2.fbx"
"TwistedTree_3.fbx","560220","Stylized Nature MegaKit[Standard]\FBX\TwistedTree_3.fbx"
"TwistedTree_4.fbx","537884","Stylized Nature MegaKit[Standard]\FBX\TwistedTree_4.fbx"
"TwistedTree_5.fbx","568684","Stylized Nature MegaKit[Standard]\FBX\TwistedTree_5.fbx"
"Bush_Common.fbx","84060","Stylized Nature MegaKit[Standard]\FBX (Unity)\Bush_Common.fbx"
"Bush_Common_Flowers.fbx","115532","Stylized Nature MegaKit[Standard]\FBX (Unity)\Bush_Common_Flowers.fbx"
"Clover_1.fbx","32860","Stylized Nature MegaKit[Standard]\FBX (Unity)\Clover_1.fbx"
"Clover_2.fbx","40604","Stylized Nature MegaKit[Standard]\FBX (Unity)\Clover_2.fbx"
"CommonTree_1.fbx","374492","Stylized Nature MegaKit[Standard]\FBX (Unity)\CommonTree_1.fbx"
"CommonTree_2.fbx","330636","Stylized Nature MegaKit[Standard]\FBX (Unity)\CommonTree_2.fbx"
"CommonTree_3.fbx","238860","Stylized Nature MegaKit[Standard]\FBX (Unity)\CommonTree_3.fbx"
"CommonTree_4.fbx","240748","Stylized Nature MegaKit[Standard]\FBX (Unity)\CommonTree_4.fbx"
"CommonTree_5.fbx","211404","Stylized Nature MegaKit[Standard]\FBX (Unity)\CommonTree_5.fbx"
"DeadTree_1.fbx","324540","Stylized Nature MegaKit[Standard]\FBX (Unity)\DeadTree_1.fbx"
"DeadTree_2.fbx","343756","Stylized Nature MegaKit[Standard]\FBX (Unity)\DeadTree_2.fbx"
"DeadTree_3.fbx","302604","Stylized Nature MegaKit[Standard]\FBX (Unity)\DeadTree_3.fbx"
"DeadTree_4.fbx","297452","Stylized Nature MegaKit[Standard]\FBX (Unity)\DeadTree_4.fbx"
"DeadTree_5.fbx","295068","Stylized Nature MegaKit[Standard]\FBX (Unity)\DeadTree_5.fbx"
"Fern_1.fbx","32060","Stylized Nature MegaKit[Standard]\FBX (Unity)\Fern_1.fbx"
"Flower_3_Group.fbx","49308","Stylized Nature MegaKit[Standard]\FBX (Unity)\Flower_3_Group.fbx"
"Flower_3_Single.fbx","33084","Stylized Nature MegaKit[Standard]\FBX (Unity)\Flower_3_Single.fbx"
"Flower_4_Group.fbx","80108","Stylized Nature MegaKit[Standard]\FBX (Unity)\Flower_4_Group.fbx"
"Flower_4_Single.fbx","45452","Stylized Nature MegaKit[Standard]\FBX (Unity)\Flower_4_Single.fbx"
"Grass_Common_Short.fbx","26060","Stylized Nature MegaKit[Standard]\FBX (Unity)\Grass_Common_Short.fbx"
"Grass_Common_Tall.fbx","32892","Stylized Nature MegaKit[Standard]\FBX (Unity)\Grass_Common_Tall.fbx"
"Grass_Wispy_Short.fbx","41084","Stylized Nature MegaKit[Standard]\FBX (Unity)\Grass_Wispy_Short.fbx"
"Grass_Wispy_Tall.fbx","44524","Stylized Nature MegaKit[Standard]\FBX (Unity)\Grass_Wispy_Tall.fbx"
"Mushroom_Common.fbx","43180","Stylized Nature MegaKit[Standard]\FBX (Unity)\Mushroom_Common.fbx"
"Mushroom_Laetiporus.fbx","108956","Stylized Nature MegaKit[Standard]\FBX (Unity)\Mushroom_Laetiporus.fbx"
"Pebble_Round_1.fbx","23372","Stylized Nature MegaKit[Standard]\FBX (Unity)\Pebble_Round_1.fbx"
"Pebble_Round_2.fbx","22540","Stylized Nature MegaKit[Standard]\FBX (Unity)\Pebble_Round_2.fbx"
"Pebble_Round_3.fbx","22988","Stylized Nature MegaKit[Standard]\FBX (Unity)\Pebble_Round_3.fbx"
"Pebble_Round_4.fbx","23084","Stylized Nature MegaKit[Standard]\FBX (Unity)\Pebble_Round_4.fbx"
"Pebble_Round_5.fbx","22828","Stylized Nature MegaKit[Standard]\FBX (Unity)\Pebble_Round_5.fbx"
"Pebble_Square_1.fbx","21628","Stylized Nature MegaKit[Standard]\FBX (Unity)\Pebble_Square_1.fbx"
"Pebble_Square_2.fbx","20812","Stylized Nature MegaKit[Standard]\FBX (Unity)\Pebble_Square_2.fbx"
"Pebble_Square_3.fbx","19996","Stylized Nature MegaKit[Standard]\FBX (Unity)\Pebble_Square_3.fbx"
"Pebble_Square_4.fbx","19996","Stylized Nature MegaKit[Standard]\FBX (Unity)\Pebble_Square_4.fbx"
"Pebble_Square_5.fbx","20700","Stylized Nature MegaKit[Standard]\FBX (Unity)\Pebble_Square_5.fbx"
"Pebble_Square_6.fbx","20412","Stylized Nature MegaKit[Standard]\FBX (Unity)\Pebble_Square_6.fbx"
"Petal_1.fbx","19532","Stylized Nature MegaKit[Standard]\FBX (Unity)\Petal_1.fbx"
"Petal_2.fbx","19644","Stylized Nature MegaKit[Standard]\FBX (Unity)\Petal_2.fbx"
"Petal_3.fbx","19676","Stylized Nature MegaKit[Standard]\FBX (Unity)\Petal_3.fbx"
"Petal_4.fbx","20092","Stylized Nature MegaKit[Standard]\FBX (Unity)\Petal_4.fbx"
"Petal_5.fbx","19676","Stylized Nature MegaKit[Standard]\FBX (Unity)\Petal_5.fbx"
"Pine_1.fbx","225404","Stylized Nature MegaKit[Standard]\FBX (Unity)\Pine_1.fbx"
"Pine_2.fbx","208028","Stylized Nature MegaKit[Standard]\FBX (Unity)\Pine_2.fbx"
"Pine_3.fbx","267548","Stylized Nature MegaKit[Standard]\FBX (Unity)\Pine_3.fbx"
"Pine_4.fbx","200924","Stylized Nature MegaKit[Standard]\FBX (Unity)\Pine_4.fbx"
"Pine_5.fbx","113868","Stylized Nature MegaKit[Standard]\FBX (Unity)\Pine_5.fbx"
"Plant_1.fbx","24396","Stylized Nature MegaKit[Standard]\FBX (Unity)\Plant_1.fbx"
"Plant_1_Big.fbx","34508","Stylized Nature MegaKit[Standard]\FBX (Unity)\Plant_1_Big.fbx"
"Plant_7.fbx","21212","Stylized Nature MegaKit[Standard]\FBX (Unity)\Plant_7.fbx"
"Plant_7_Big.fbx","24284","Stylized Nature MegaKit[Standard]\FBX (Unity)\Plant_7_Big.fbx"
"RockPath_Round_Small_1.fbx","46988","Stylized Nature MegaKit[Standard]\FBX (Unity)\RockPath_Round_Small_1.fbx"
"RockPath_Round_Small_2.fbx","49788","Stylized Nature MegaKit[Standard]\FBX (Unity)\RockPath_Round_Small_2.fbx"
"RockPath_Round_Small_3.fbx","47180","Stylized Nature MegaKit[Standard]\FBX (Unity)\RockPath_Round_Small_3.fbx"
"RockPath_Round_Thin.fbx","78268","Stylized Nature MegaKit[Standard]\FBX (Unity)\RockPath_Round_Thin.fbx"
"RockPath_Round_Wide.fbx","109308","Stylized Nature MegaKit[Standard]\FBX (Unity)\RockPath_Round_Wide.fbx"
"RockPath_Square_Small_1.fbx","40476","Stylized Nature MegaKit[Standard]\FBX (Unity)\RockPath_Square_Small_1.fbx"
"RockPath_Square_Small_2.fbx","33900","Stylized Nature MegaKit[Standard]\FBX (Unity)\RockPath_Square_Small_2.fbx"
"RockPath_Square_Small_3.fbx","34460","Stylized Nature MegaKit[Standard]\FBX (Unity)\RockPath_Square_Small_3.fbx"
"RockPath_Square_Thin.fbx","65852","Stylized Nature MegaKit[Standard]\FBX (Unity)\RockPath_Square_Thin.fbx"
"RockPath_Square_Wide.fbx","76604","Stylized Nature MegaKit[Standard]\FBX (Unity)\RockPath_Square_Wide.fbx"
"Rock_Medium_1.fbx","30700","Stylized Nature MegaKit[Standard]\FBX (Unity)\Rock_Medium_1.fbx"
"Rock_Medium_2.fbx","27276","Stylized Nature MegaKit[Standard]\FBX (Unity)\Rock_Medium_2.fbx"
"Rock_Medium_3.fbx","37324","Stylized Nature MegaKit[Standard]\FBX (Unity)\Rock_Medium_3.fbx"
"TwistedTree_1.fbx","539292","Stylized Nature MegaKit[Standard]\FBX (Unity)\TwistedTree_1.fbx"
"TwistedTree_2.fbx","517228","Stylized Nature MegaKit[Standard]\FBX (Unity)\TwistedTree_2.fbx"
"TwistedTree_3.fbx","573196","Stylized Nature MegaKit[Standard]\FBX (Unity)\TwistedTree_3.fbx"
"TwistedTree_4.fbx","551052","Stylized Nature MegaKit[Standard]\FBX (Unity)\TwistedTree_4.fbx"
"TwistedTree_5.fbx","582284","Stylized Nature MegaKit[Standard]\FBX (Unity)\TwistedTree_5.fbx"
"Bark_DeadTree.png","4228870","Stylized Nature MegaKit[Standard]\glTF\Bark_DeadTree.png"
"Bark_DeadTree_Normal.png","5728199","Stylized Nature MegaKit[Standard]\glTF\Bark_DeadTree_Normal.png"
"Bark_NormalTree.png","3894788","Stylized Nature MegaKit[Standard]\glTF\Bark_NormalTree.png"
"Bark_NormalTree_Normal.png","4384496","Stylized Nature MegaKit[Standard]\glTF\Bark_NormalTree_Normal.png"
"Bark_TwistedTree.png","4630805","Stylized Nature MegaKit[Standard]\glTF\Bark_TwistedTree.png"
"Bark_TwistedTree_Normal.png","5728199","Stylized Nature MegaKit[Standard]\glTF\Bark_TwistedTree_Normal.png"
"Bush_Common.bin","91800","Stylized Nature MegaKit[Standard]\glTF\Bush_Common.bin"
"Bush_Common.gltf","2101","Stylized Nature MegaKit[Standard]\glTF\Bush_Common.gltf"
"Bush_Common_Flowers.bin","128928","Stylized Nature MegaKit[Standard]\glTF\Bush_Common_Flowers.bin"
"Bush_Common_Flowers.gltf","3654","Stylized Nature MegaKit[Standard]\glTF\Bush_Common_Flowers.gltf"
"Clover_1.bin","12956","Stylized Nature MegaKit[Standard]\glTF\Clover_1.bin"
"Clover_1.gltf","2074","Stylized Nature MegaKit[Standard]\glTF\Clover_1.gltf"
"Clover_2.bin","21012","Stylized Nature MegaKit[Standard]\glTF\Clover_2.bin"
"Clover_2.gltf","2077","Stylized Nature MegaKit[Standard]\glTF\Clover_2.gltf"
"CommonTree_1.bin","491576","Stylized Nature MegaKit[Standard]\glTF\CommonTree_1.bin"
"CommonTree_1.gltf","3869","Stylized Nature MegaKit[Standard]\glTF\CommonTree_1.gltf"
"CommonTree_2.bin","423024","Stylized Nature MegaKit[Standard]\glTF\CommonTree_2.bin"
"CommonTree_2.gltf","3866","Stylized Nature MegaKit[Standard]\glTF\CommonTree_2.gltf"
"CommonTree_3.bin","296984","Stylized Nature MegaKit[Standard]\glTF\CommonTree_3.bin"
"CommonTree_3.gltf","3864","Stylized Nature MegaKit[Standard]\glTF\CommonTree_3.gltf"
"CommonTree_4.bin","307596","Stylized Nature MegaKit[Standard]\glTF\CommonTree_4.bin"
"CommonTree_4.gltf","3865","Stylized Nature MegaKit[Standard]\glTF\CommonTree_4.gltf"
"CommonTree_5.bin","252996","Stylized Nature MegaKit[Standard]\glTF\CommonTree_5.bin"
"CommonTree_5.gltf","3860","Stylized Nature MegaKit[Standard]\glTF\CommonTree_5.gltf"
"DeadTree_1.bin","422744","Stylized Nature MegaKit[Standard]\glTF\DeadTree_1.bin"
"DeadTree_1.gltf","2206","Stylized Nature MegaKit[Standard]\glTF\DeadTree_1.gltf"
"DeadTree_2.bin","453824","Stylized Nature MegaKit[Standard]\glTF\DeadTree_2.bin"
"DeadTree_2.gltf","2213","Stylized Nature MegaKit[Standard]\glTF\DeadTree_2.gltf"
"DeadTree_3.bin","415740","Stylized Nature MegaKit[Standard]\glTF\DeadTree_3.bin"
"DeadTree_3.gltf","2211","Stylized Nature MegaKit[Standard]\glTF\DeadTree_3.gltf"
"DeadTree_4.bin","401556","Stylized Nature MegaKit[Standard]\glTF\DeadTree_4.bin"
"DeadTree_4.gltf","2211","Stylized Nature MegaKit[Standard]\glTF\DeadTree_4.gltf"
"DeadTree_5.bin","393840","Stylized Nature MegaKit[Standard]\glTF\DeadTree_5.bin"
"DeadTree_5.gltf","2211","Stylized Nature MegaKit[Standard]\glTF\DeadTree_5.gltf"
"Fern_1.bin","11448","Stylized Nature MegaKit[Standard]\glTF\Fern_1.bin"
"Fern_1.gltf","2058","Stylized Nature MegaKit[Standard]\glTF\Fern_1.gltf"
"Flowers.png","444609","Stylized Nature MegaKit[Standard]\glTF\Flowers.png"
"Flower_3_Group.bin","27772","Stylized Nature MegaKit[Standard]\glTF\Flower_3_Group.bin"
"Flower_3_Group.gltf","3629","Stylized Nature MegaKit[Standard]\glTF\Flower_3_Group.gltf"
"Flower_3_Single.bin","10792","Stylized Nature MegaKit[Standard]\glTF\Flower_3_Single.bin"
"Flower_3_Single.gltf","3632","Stylized Nature MegaKit[Standard]\glTF\Flower_3_Single.gltf"
"Flower_4_Group.bin","62220","Stylized Nature MegaKit[Standard]\glTF\Flower_4_Group.bin"
"Flower_4_Group.gltf","3645","Stylized Nature MegaKit[Standard]\glTF\Flower_4_Group.gltf"
"Flower_4_Single.bin","23812","Stylized Nature MegaKit[Standard]\glTF\Flower_4_Single.bin"
"Flower_4_Single.gltf","3631","Stylized Nature MegaKit[Standard]\glTF\Flower_4_Single.gltf"
"Grass.png","33605","Stylized Nature MegaKit[Standard]\glTF\Grass.png"
"Grass_Common_Short.bin","7052","Stylized Nature MegaKit[Standard]\glTF\Grass_Common_Short.bin"
"Grass_Common_Short.gltf","2023","Stylized Nature MegaKit[Standard]\glTF\Grass_Common_Short.gltf"
"Grass_Common_Tall.bin","14076","Stylized Nature MegaKit[Standard]\glTF\Grass_Common_Tall.bin"
"Grass_Common_Tall.gltf","2025","Stylized Nature MegaKit[Standard]\glTF\Grass_Common_Tall.gltf"
"Grass_Wispy_Short.bin","25324","Stylized Nature MegaKit[Standard]\glTF\Grass_Wispy_Short.bin"
"Grass_Wispy_Short.gltf","2025","Stylized Nature MegaKit[Standard]\glTF\Grass_Wispy_Short.gltf"
"Grass_Wispy_Tall.bin","29492","Stylized Nature MegaKit[Standard]\glTF\Grass_Wispy_Tall.bin"
"Grass_Wispy_Tall.gltf","2023","Stylized Nature MegaKit[Standard]\glTF\Grass_Wispy_Tall.gltf"
"Leaf_Pine.png","71747","Stylized Nature MegaKit[Standard]\glTF\Leaf_Pine.png"
"Leaf_Pine_C.png","70055","Stylized Nature MegaKit[Standard]\glTF\Leaf_Pine_C.png"
"Leaves.png","2586432","Stylized Nature MegaKit[Standard]\glTF\Leaves.png"
"Leaves_GiantPine_C.png","59613","Stylized Nature MegaKit[Standard]\glTF\Leaves_GiantPine_C.png"
"Leaves_NormalTree.png","158772","Stylized Nature MegaKit[Standard]\glTF\Leaves_NormalTree.png"
"Leaves_NormalTree_C.png","158796","Stylized Nature MegaKit[Standard]\glTF\Leaves_NormalTree_C.png"
"Leaves_TwistedTree.png","69611","Stylized Nature MegaKit[Standard]\glTF\Leaves_TwistedTree.png"
"Leaves_TwistedTree_C.png","70353","Stylized Nature MegaKit[Standard]\glTF\Leaves_TwistedTree_C.png"
"Mushrooms.png","1208660","Stylized Nature MegaKit[Standard]\glTF\Mushrooms.png"
"Mushroom_Common.bin","23040","Stylized Nature MegaKit[Standard]\glTF\Mushroom_Common.bin"
"Mushroom_Common.gltf","1822","Stylized Nature MegaKit[Standard]\glTF\Mushroom_Common.gltf"
"Mushroom_Laetiporus.bin","77088","Stylized Nature MegaKit[Standard]\glTF\Mushroom_Laetiporus.bin"
"Mushroom_Laetiporus.gltf","1833","Stylized Nature MegaKit[Standard]\glTF\Mushroom_Laetiporus.gltf"
"PathRocks_Diffuse.png","811732","Stylized Nature MegaKit[Standard]\glTF\PathRocks_Diffuse.png"
"Pebble_Round_1.bin","10160","Stylized Nature MegaKit[Standard]\glTF\Pebble_Round_1.bin"
"Pebble_Round_1.gltf","1850","Stylized Nature MegaKit[Standard]\glTF\Pebble_Round_1.gltf"
"Pebble_Round_2.bin","7468","Stylized Nature MegaKit[Standard]\glTF\Pebble_Round_2.bin"
"Pebble_Round_2.gltf","1848","Stylized Nature MegaKit[Standard]\glTF\Pebble_Round_2.gltf"
"Pebble_Round_3.bin","8576","Stylized Nature MegaKit[Standard]\glTF\Pebble_Round_3.bin"
"Pebble_Round_3.gltf","1848","Stylized Nature MegaKit[Standard]\glTF\Pebble_Round_3.gltf"
"Pebble_Round_4.bin","9268","Stylized Nature MegaKit[Standard]\glTF\Pebble_Round_4.bin"
"Pebble_Round_4.gltf","1841","Stylized Nature MegaKit[Standard]\glTF\Pebble_Round_4.gltf"
"Pebble_Round_5.bin","8872","Stylized Nature MegaKit[Standard]\glTF\Pebble_Round_5.bin"
"Pebble_Round_5.gltf","1846","Stylized Nature MegaKit[Standard]\glTF\Pebble_Round_5.gltf"
"Pebble_Square_1.bin","7536","Stylized Nature MegaKit[Standard]\glTF\Pebble_Square_1.bin"
"Pebble_Square_1.gltf","1850","Stylized Nature MegaKit[Standard]\glTF\Pebble_Square_1.gltf"
"Pebble_Square_2.bin","5652","Stylized Nature MegaKit[Standard]\glTF\Pebble_Square_2.bin"
"Pebble_Square_2.gltf","1847","Stylized Nature MegaKit[Standard]\glTF\Pebble_Square_2.gltf"
"Pebble_Square_3.bin","3768","Stylized Nature MegaKit[Standard]\glTF\Pebble_Square_3.bin"
"Pebble_Square_3.gltf","1847","Stylized Nature MegaKit[Standard]\glTF\Pebble_Square_3.gltf"
"Pebble_Square_4.bin","3360","Stylized Nature MegaKit[Standard]\glTF\Pebble_Square_4.bin"
"Pebble_Square_4.gltf","1846","Stylized Nature MegaKit[Standard]\glTF\Pebble_Square_4.gltf"
"Pebble_Square_5.bin","5424","Stylized Nature MegaKit[Standard]\glTF\Pebble_Square_5.bin"
"Pebble_Square_5.gltf","1849","Stylized Nature MegaKit[Standard]\glTF\Pebble_Square_5.gltf"
"Pebble_Square_6.bin","4840","Stylized Nature MegaKit[Standard]\glTF\Pebble_Square_6.bin"
"Pebble_Square_6.gltf","1850","Stylized Nature MegaKit[Standard]\glTF\Pebble_Square_6.gltf"
"Petal_1.bin","528","Stylized Nature MegaKit[Standard]\glTF\Petal_1.bin"
"Petal_1.gltf","1845","Stylized Nature MegaKit[Standard]\glTF\Petal_1.gltf"
"Petal_2.bin","604","Stylized Nature MegaKit[Standard]\glTF\Petal_2.bin"
"Petal_2.gltf","1825","Stylized Nature MegaKit[Standard]\glTF\Petal_2.gltf"
"Petal_3.bin","604","Stylized Nature MegaKit[Standard]\glTF\Petal_3.bin"
"Petal_3.gltf","1849","Stylized Nature MegaKit[Standard]\glTF\Petal_3.gltf"
"Petal_4.bin","980","Stylized Nature MegaKit[Standard]\glTF\Petal_4.bin"
"Petal_4.gltf","1848","Stylized Nature MegaKit[Standard]\glTF\Petal_4.gltf"
"Petal_5.bin","604","Stylized Nature MegaKit[Standard]\glTF\Petal_5.bin"
"Petal_5.gltf","1844","Stylized Nature MegaKit[Standard]\glTF\Petal_5.gltf"
"Pine_1.bin","275492","Stylized Nature MegaKit[Standard]\glTF\Pine_1.bin"
"Pine_1.gltf","3832","Stylized Nature MegaKit[Standard]\glTF\Pine_1.gltf"
"Pine_2.bin","258336","Stylized Nature MegaKit[Standard]\glTF\Pine_2.bin"
"Pine_2.gltf","3833","Stylized Nature MegaKit[Standard]\glTF\Pine_2.gltf"
"Pine_3.bin","345288","Stylized Nature MegaKit[Standard]\glTF\Pine_3.bin"
"Pine_3.gltf","3827","Stylized Nature MegaKit[Standard]\glTF\Pine_3.gltf"
"Pine_4.bin","254844","Stylized Nature MegaKit[Standard]\glTF\Pine_4.bin"
"Pine_4.gltf","3831","Stylized Nature MegaKit[Standard]\glTF\Pine_4.gltf"
"Pine_5.bin","120996","Stylized Nature MegaKit[Standard]\glTF\Pine_5.bin"
"Pine_5.gltf","3815","Stylized Nature MegaKit[Standard]\glTF\Pine_5.gltf"
"Plant_1.bin","5520","Stylized Nature MegaKit[Standard]\glTF\Plant_1.bin"
"Plant_1.gltf","2057","Stylized Nature MegaKit[Standard]\glTF\Plant_1.gltf"
"Plant_1_Big.bin","16560","Stylized Nature MegaKit[Standard]\glTF\Plant_1_Big.bin"
"Plant_1_Big.gltf","2075","Stylized Nature MegaKit[Standard]\glTF\Plant_1_Big.gltf"
"Plant_7.bin","2016","Stylized Nature MegaKit[Standard]\glTF\Plant_7.bin"
"Plant_7.gltf","1844","Stylized Nature MegaKit[Standard]\glTF\Plant_7.gltf"
"Plant_7_Big.bin","4704","Stylized Nature MegaKit[Standard]\glTF\Plant_7_Big.bin"
"Plant_7_Big.gltf","1857","Stylized Nature MegaKit[Standard]\glTF\Plant_7_Big.gltf"
"RockPath_Round_Small_1.bin","71140","Stylized Nature MegaKit[Standard]\glTF\RockPath_Round_Small_1.bin"
"RockPath_Round_Small_1.gltf","1871","Stylized Nature MegaKit[Standard]\glTF\RockPath_Round_Small_1.gltf"
"RockPath_Round_Small_2.bin","79204","Stylized Nature MegaKit[Standard]\glTF\RockPath_Round_Small_2.bin"
"RockPath_Round_Small_2.gltf","1873","Stylized Nature MegaKit[Standard]\glTF\RockPath_Round_Small_2.gltf"
"RockPath_Round_Small_3.bin","70844","Stylized Nature MegaKit[Standard]\glTF\RockPath_Round_Small_3.bin"
"RockPath_Round_Small_3.gltf","1872","Stylized Nature MegaKit[Standard]\glTF\RockPath_Round_Small_3.gltf"
"RockPath_Round_Thin.bin","159316","Stylized Nature MegaKit[Standard]\glTF\RockPath_Round_Thin.bin"
"RockPath_Round_Thin.gltf","1868","Stylized Nature MegaKit[Standard]\glTF\RockPath_Round_Thin.gltf"
"RockPath_Round_Wide.bin","247688","Stylized Nature MegaKit[Standard]\glTF\RockPath_Round_Wide.bin"
"RockPath_Round_Wide.gltf","1868","Stylized Nature MegaKit[Standard]\glTF\RockPath_Round_Wide.gltf"
"RockPath_Square_Small_1.bin","56956","Stylized Nature MegaKit[Standard]\glTF\RockPath_Square_Small_1.bin"
"RockPath_Square_Small_1.gltf","1874","Stylized Nature MegaKit[Standard]\glTF\RockPath_Square_Small_1.gltf"
"RockPath_Square_Small_2.bin","40636","Stylized Nature MegaKit[Standard]\glTF\RockPath_Square_Small_2.bin"
"RockPath_Square_Small_2.gltf","1873","Stylized Nature MegaKit[Standard]\glTF\RockPath_Square_Small_2.gltf"
"RockPath_Square_Small_3.bin","41040","Stylized Nature MegaKit[Standard]\glTF\RockPath_Square_Small_3.bin"
"RockPath_Square_Small_3.gltf","1873","Stylized Nature MegaKit[Standard]\glTF\RockPath_Square_Small_3.gltf"
"RockPath_Square_Thin.bin","130024","Stylized Nature MegaKit[Standard]\glTF\RockPath_Square_Thin.bin"
"RockPath_Square_Thin.gltf","1871","Stylized Nature MegaKit[Standard]\glTF\RockPath_Square_Thin.gltf"
"RockPath_Square_Wide.bin","164320","Stylized Nature MegaKit[Standard]\glTF\RockPath_Square_Wide.bin"
"RockPath_Square_Wide.gltf","1872","Stylized Nature MegaKit[Standard]\glTF\RockPath_Square_Wide.gltf"
"Rocks_Desert_Diffuse.png","2095731","Stylized Nature MegaKit[Standard]\glTF\Rocks_Desert_Diffuse.png"
"Rocks_Diffuse.png","2517398","Stylized Nature MegaKit[Standard]\glTF\Rocks_Diffuse.png"
"Rock_Medium_1.bin","13284","Stylized Nature MegaKit[Standard]\glTF\Rock_Medium_1.bin"
"Rock_Medium_1.gltf","1831","Stylized Nature MegaKit[Standard]\glTF\Rock_Medium_1.gltf"
"Rock_Medium_2.bin","9432","Stylized Nature MegaKit[Standard]\glTF\Rock_Medium_2.bin"
"Rock_Medium_2.gltf","1825","Stylized Nature MegaKit[Standard]\glTF\Rock_Medium_2.gltf"
"Rock_Medium_3.bin","20124","Stylized Nature MegaKit[Standard]\glTF\Rock_Medium_3.bin"
"Rock_Medium_3.gltf","1832","Stylized Nature MegaKit[Standard]\glTF\Rock_Medium_3.gltf"
"TwistedTree_1.bin","732456","Stylized Nature MegaKit[Standard]\glTF\TwistedTree_1.bin"
"TwistedTree_1.gltf","3819","Stylized Nature MegaKit[Standard]\glTF\TwistedTree_1.gltf"
"TwistedTree_2.bin","698340","Stylized Nature MegaKit[Standard]\glTF\TwistedTree_2.bin"
"TwistedTree_2.gltf","3815","Stylized Nature MegaKit[Standard]\glTF\TwistedTree_2.gltf"
"TwistedTree_3.bin","771176","Stylized Nature MegaKit[Standard]\glTF\TwistedTree_3.bin"
"TwistedTree_3.gltf","3817","Stylized Nature MegaKit[Standard]\glTF\TwistedTree_3.gltf"
"TwistedTree_4.bin","757248","Stylized Nature MegaKit[Standard]\glTF\TwistedTree_4.bin"
"TwistedTree_4.gltf","3817","Stylized Nature MegaKit[Standard]\glTF\TwistedTree_4.gltf"
"TwistedTree_5.bin","811680","Stylized Nature MegaKit[Standard]\glTF\TwistedTree_5.bin"
"TwistedTree_5.gltf","3822","Stylized Nature MegaKit[Standard]\glTF\TwistedTree_5.gltf"
"Bush_Common.mtl","462","Stylized Nature MegaKit[Standard]\OBJ\Bush_Common.mtl"
"Bush_Common.obj","119639","Stylized Nature MegaKit[Standard]\OBJ\Bush_Common.obj"
"Bush_Common_Flowers.mtl","468","Stylized Nature MegaKit[Standard]\OBJ\Bush_Common_Flowers.mtl"
"Bush_Common_Flowers.obj","172264","Stylized Nature MegaKit[Standard]\OBJ\Bush_Common_Flowers.obj"
"Clover_1.mtl","239","Stylized Nature MegaKit[Standard]\OBJ\Clover_1.mtl"
"Clover_1.obj","26254","Stylized Nature MegaKit[Standard]\OBJ\Clover_1.obj"
"Clover_2.mtl","239","Stylized Nature MegaKit[Standard]\OBJ\Clover_2.mtl"
"Clover_2.obj","40801","Stylized Nature MegaKit[Standard]\OBJ\Clover_2.obj"
"CommonTree_1.mtl","519","Stylized Nature MegaKit[Standard]\OBJ\CommonTree_1.mtl"
"CommonTree_1.obj","645385","Stylized Nature MegaKit[Standard]\OBJ\CommonTree_1.obj"
"CommonTree_2.mtl","519","Stylized Nature MegaKit[Standard]\OBJ\CommonTree_2.mtl"
"CommonTree_2.obj","556765","Stylized Nature MegaKit[Standard]\OBJ\CommonTree_2.obj"
"CommonTree_3.mtl","519","Stylized Nature MegaKit[Standard]\OBJ\CommonTree_3.mtl"
"CommonTree_3.obj","405829","Stylized Nature MegaKit[Standard]\OBJ\CommonTree_3.obj"
"CommonTree_4.mtl","519","Stylized Nature MegaKit[Standard]\OBJ\CommonTree_4.mtl"
"CommonTree_4.obj","397026","Stylized Nature MegaKit[Standard]\OBJ\CommonTree_4.obj"
"CommonTree_5.mtl","519","Stylized Nature MegaKit[Standard]\OBJ\CommonTree_5.mtl"
"CommonTree_5.obj","342703","Stylized Nature MegaKit[Standard]\OBJ\CommonTree_5.obj"
"DeadTree_1.mtl","296","Stylized Nature MegaKit[Standard]\OBJ\DeadTree_1.mtl"
"DeadTree_1.obj","543919","Stylized Nature MegaKit[Standard]\OBJ\DeadTree_1.obj"
"DeadTree_2.mtl","296","Stylized Nature MegaKit[Standard]\OBJ\DeadTree_2.mtl"
"DeadTree_2.obj","581293","Stylized Nature MegaKit[Standard]\OBJ\DeadTree_2.obj"
"DeadTree_3.mtl","296","Stylized Nature MegaKit[Standard]\OBJ\DeadTree_3.mtl"
"DeadTree_3.obj","540604","Stylized Nature MegaKit[Standard]\OBJ\DeadTree_3.obj"
"DeadTree_4.mtl","296","Stylized Nature MegaKit[Standard]\OBJ\DeadTree_4.mtl"
"DeadTree_4.obj","525027","Stylized Nature MegaKit[Standard]\OBJ\DeadTree_4.obj"
"DeadTree_5.mtl","296","Stylized Nature MegaKit[Standard]\OBJ\DeadTree_5.mtl"
"DeadTree_5.obj","519066","Stylized Nature MegaKit[Standard]\OBJ\DeadTree_5.obj"
"Fern_1.mtl","237","Stylized Nature MegaKit[Standard]\OBJ\Fern_1.mtl"
"Fern_1.obj","20148","Stylized Nature MegaKit[Standard]\OBJ\Fern_1.obj"
"Flower_3_Group.mtl","426","Stylized Nature MegaKit[Standard]\OBJ\Flower_3_Group.mtl"
"Flower_3_Group.obj","50075","Stylized Nature MegaKit[Standard]\OBJ\Flower_3_Group.obj"
"Flower_3_Single.mtl","427","Stylized Nature MegaKit[Standard]\OBJ\Flower_3_Single.mtl"
"Flower_3_Single.obj","20140","Stylized Nature MegaKit[Standard]\OBJ\Flower_3_Single.obj"
"Flower_4_Group.mtl","426","Stylized Nature MegaKit[Standard]\OBJ\Flower_4_Group.mtl"
"Flower_4_Group.obj","111082","Stylized Nature MegaKit[Standard]\OBJ\Flower_4_Group.obj"
"Flower_4_Single.mtl","427","Stylized Nature MegaKit[Standard]\OBJ\Flower_4_Single.mtl"
"Flower_4_Single.obj","42836","Stylized Nature MegaKit[Standard]\OBJ\Flower_4_Single.obj"
"Grass_Common_Short.mtl","238","Stylized Nature MegaKit[Standard]\OBJ\Grass_Common_Short.mtl"
"Grass_Common_Short.obj","14318","Stylized Nature MegaKit[Standard]\OBJ\Grass_Common_Short.obj"
"Grass_Common_Tall.mtl","237","Stylized Nature MegaKit[Standard]\OBJ\Grass_Common_Tall.mtl"
"Grass_Common_Tall.obj","23683","Stylized Nature MegaKit[Standard]\OBJ\Grass_Common_Tall.obj"
"Grass_Wispy_Short.mtl","237","Stylized Nature MegaKit[Standard]\OBJ\Grass_Wispy_Short.mtl"
"Grass_Wispy_Short.obj","43001","Stylized Nature MegaKit[Standard]\OBJ\Grass_Wispy_Short.obj"
"Grass_Wispy_Tall.mtl","236","Stylized Nature MegaKit[Standard]\OBJ\Grass_Wispy_Tall.mtl"
"Grass_Wispy_Tall.obj","43571","Stylized Nature MegaKit[Standard]\OBJ\Grass_Wispy_Tall.obj"
"Mushroom_Common.mtl","243","Stylized Nature MegaKit[Standard]\OBJ\Mushroom_Common.mtl"
"Mushroom_Common.obj","49259","Stylized Nature MegaKit[Standard]\OBJ\Mushroom_Common.obj"
"Mushroom_Laetiporus.mtl","247","Stylized Nature MegaKit[Standard]\OBJ\Mushroom_Laetiporus.mtl"
"Mushroom_Laetiporus.obj","185268","Stylized Nature MegaKit[Standard]\OBJ\Mushroom_Laetiporus.obj"
"Pebble_Round_1.mtl","250","Stylized Nature MegaKit[Standard]\OBJ\Pebble_Round_1.mtl"
"Pebble_Round_1.obj","8832","Stylized Nature MegaKit[Standard]\OBJ\Pebble_Round_1.obj"
"Pebble_Round_2.mtl","250","Stylized Nature MegaKit[Standard]\OBJ\Pebble_Round_2.mtl"
"Pebble_Round_2.obj","6992","Stylized Nature MegaKit[Standard]\OBJ\Pebble_Round_2.obj"
"Pebble_Round_3.mtl","250","Stylized Nature MegaKit[Standard]\OBJ\Pebble_Round_3.mtl"
"Pebble_Round_3.obj","7903","Stylized Nature MegaKit[Standard]\OBJ\Pebble_Round_3.obj"
"Pebble_Round_4.mtl","250","Stylized Nature MegaKit[Standard]\OBJ\Pebble_Round_4.mtl"
"Pebble_Round_4.obj","8035","Stylized Nature MegaKit[Standard]\OBJ\Pebble_Round_4.obj"
"Pebble_Round_5.mtl","250","Stylized Nature MegaKit[Standard]\OBJ\Pebble_Round_5.mtl"
"Pebble_Round_5.obj","7771","Stylized Nature MegaKit[Standard]\OBJ\Pebble_Round_5.obj"
"Pebble_Square_1.mtl","251","Stylized Nature MegaKit[Standard]\OBJ\Pebble_Square_1.mtl"
"Pebble_Square_1.obj","6650","Stylized Nature MegaKit[Standard]\OBJ\Pebble_Square_1.obj"
"Pebble_Square_2.mtl","251","Stylized Nature MegaKit[Standard]\OBJ\Pebble_Square_2.mtl"
"Pebble_Square_2.obj","5010","Stylized Nature MegaKit[Standard]\OBJ\Pebble_Square_2.obj"
"Pebble_Square_3.mtl","251","Stylized Nature MegaKit[Standard]\OBJ\Pebble_Square_3.mtl"
"Pebble_Square_3.obj","3393","Stylized Nature MegaKit[Standard]\OBJ\Pebble_Square_3.obj"
"Pebble_Square_4.mtl","251","Stylized Nature MegaKit[Standard]\OBJ\Pebble_Square_4.mtl"
"Pebble_Square_4.obj","3314","Stylized Nature MegaKit[Standard]\OBJ\Pebble_Square_4.obj"
"Pebble_Square_5.mtl","251","Stylized Nature MegaKit[Standard]\OBJ\Pebble_Square_5.mtl"
"Pebble_Square_5.obj","4798","Stylized Nature MegaKit[Standard]\OBJ\Pebble_Square_5.obj"
"Pebble_Square_6.mtl","251","Stylized Nature MegaKit[Standard]\OBJ\Pebble_Square_6.mtl"
"Pebble_Square_6.obj","4231","Stylized Nature MegaKit[Standard]\OBJ\Pebble_Square_6.obj"
"Petal_1.mtl","241","Stylized Nature MegaKit[Standard]\OBJ\Petal_1.mtl"
"Petal_1.obj","1446","Stylized Nature MegaKit[Standard]\OBJ\Petal_1.obj"
"Petal_2.mtl","241","Stylized Nature MegaKit[Standard]\OBJ\Petal_2.mtl"
"Petal_2.obj","1638","Stylized Nature MegaKit[Standard]\OBJ\Petal_2.obj"
"Petal_3.mtl","241","Stylized Nature MegaKit[Standard]\OBJ\Petal_3.mtl"
"Petal_3.obj","1652","Stylized Nature MegaKit[Standard]\OBJ\Petal_3.obj"
"Petal_4.mtl","241","Stylized Nature MegaKit[Standard]\OBJ\Petal_4.mtl"
"Petal_4.obj","2379","Stylized Nature MegaKit[Standard]\OBJ\Petal_4.obj"
"Petal_5.mtl","241","Stylized Nature MegaKit[Standard]\OBJ\Petal_5.mtl"
"Petal_5.obj","1640","Stylized Nature MegaKit[Standard]\OBJ\Petal_5.obj"
"Pine_1.mtl","491","Stylized Nature MegaKit[Standard]\OBJ\Pine_1.mtl"
"Pine_1.obj","353176","Stylized Nature MegaKit[Standard]\OBJ\Pine_1.obj"
"Pine_2.mtl","491","Stylized Nature MegaKit[Standard]\OBJ\Pine_2.mtl"
"Pine_2.obj","328166","Stylized Nature MegaKit[Standard]\OBJ\Pine_2.obj"
"Pine_3.mtl","491","Stylized Nature MegaKit[Standard]\OBJ\Pine_3.mtl"
"Pine_3.obj","442248","Stylized Nature MegaKit[Standard]\OBJ\Pine_3.obj"
"Pine_4.mtl","491","Stylized Nature MegaKit[Standard]\OBJ\Pine_4.mtl"
"Pine_4.obj","317996","Stylized Nature MegaKit[Standard]\OBJ\Pine_4.obj"
"Pine_5.mtl","491","Stylized Nature MegaKit[Standard]\OBJ\Pine_5.mtl"
"Pine_5.obj","151121","Stylized Nature MegaKit[Standard]\OBJ\Pine_5.obj"
"Plant_1.mtl","238","Stylized Nature MegaKit[Standard]\OBJ\Plant_1.mtl"
"Plant_1.obj","8619","Stylized Nature MegaKit[Standard]\OBJ\Plant_1.obj"
"Plant_1_Big.mtl","242","Stylized Nature MegaKit[Standard]\OBJ\Plant_1_Big.mtl"
"Plant_1_Big.obj","25796","Stylized Nature MegaKit[Standard]\OBJ\Plant_1_Big.obj"
"Plant_7.mtl","238","Stylized Nature MegaKit[Standard]\OBJ\Plant_7.mtl"
"Plant_7.obj","4434","Stylized Nature MegaKit[Standard]\OBJ\Plant_7.obj"
"Plant_7_Big.mtl","242","Stylized Nature MegaKit[Standard]\OBJ\Plant_7_Big.mtl"
"Plant_7_Big.obj","10243","Stylized Nature MegaKit[Standard]\OBJ\Plant_7_Big.obj"
"RockPath_Round_Small_1.mtl","258","Stylized Nature MegaKit[Standard]\OBJ\RockPath_Round_Small_1.mtl"
"RockPath_Round_Small_1.obj","60635","Stylized Nature MegaKit[Standard]\OBJ\RockPath_Round_Small_1.obj"
"RockPath_Round_Small_2.mtl","258","Stylized Nature MegaKit[Standard]\OBJ\RockPath_Round_Small_2.mtl"
"RockPath_Round_Small_2.obj","67661","Stylized Nature MegaKit[Standard]\OBJ\RockPath_Round_Small_2.obj"
"RockPath_Round_Small_3.mtl","258","Stylized Nature MegaKit[Standard]\OBJ\RockPath_Round_Small_3.mtl"
"RockPath_Round_Small_3.obj","63064","Stylized Nature MegaKit[Standard]\OBJ\RockPath_Round_Small_3.obj"
"RockPath_Round_Thin.mtl","255","Stylized Nature MegaKit[Standard]\OBJ\RockPath_Round_Thin.mtl"
"RockPath_Round_Thin.obj","133037","Stylized Nature MegaKit[Standard]\OBJ\RockPath_Round_Thin.obj"
"RockPath_Round_Wide.mtl","255","Stylized Nature MegaKit[Standard]\OBJ\RockPath_Round_Wide.mtl"
"RockPath_Round_Wide.obj","206529","Stylized Nature MegaKit[Standard]\OBJ\RockPath_Round_Wide.obj"
"RockPath_Square_Small_1.mtl","259","Stylized Nature MegaKit[Standard]\OBJ\RockPath_Square_Small_1.mtl"
"RockPath_Square_Small_1.obj","48273","Stylized Nature MegaKit[Standard]\OBJ\RockPath_Square_Small_1.obj"
"RockPath_Square_Small_2.mtl","259","Stylized Nature MegaKit[Standard]\OBJ\RockPath_Square_Small_2.mtl"
"RockPath_Square_Small_2.obj","32058","Stylized Nature MegaKit[Standard]\OBJ\RockPath_Square_Small_2.obj"
"RockPath_Square_Small_3.mtl","259","Stylized Nature MegaKit[Standard]\OBJ\RockPath_Square_Small_3.mtl"
"RockPath_Square_Small_3.obj","34031","Stylized Nature MegaKit[Standard]\OBJ\RockPath_Square_Small_3.obj"
"RockPath_Square_Thin.mtl","256","Stylized Nature MegaKit[Standard]\OBJ\RockPath_Square_Thin.mtl"
"RockPath_Square_Thin.obj","103745","Stylized Nature MegaKit[Standard]\OBJ\RockPath_Square_Thin.obj"
"RockPath_Square_Wide.mtl","256","Stylized Nature MegaKit[Standard]\OBJ\RockPath_Square_Wide.mtl"
"RockPath_Square_Wide.obj","127150","Stylized Nature MegaKit[Standard]\OBJ\RockPath_Square_Wide.obj"
"Rock_Medium_1.mtl","241","Stylized Nature MegaKit[Standard]\OBJ\Rock_Medium_1.mtl"
"Rock_Medium_1.obj","25630","Stylized Nature MegaKit[Standard]\OBJ\Rock_Medium_1.obj"
"Rock_Medium_2.mtl","241","Stylized Nature MegaKit[Standard]\OBJ\Rock_Medium_2.mtl"
"Rock_Medium_2.obj","18058","Stylized Nature MegaKit[Standard]\OBJ\Rock_Medium_2.obj"
"Rock_Medium_3.mtl","241","Stylized Nature MegaKit[Standard]\OBJ\Rock_Medium_3.mtl"
"Rock_Medium_3.obj","39309","Stylized Nature MegaKit[Standard]\OBJ\Rock_Medium_3.obj"
"TwistedTree_1.mtl","526","Stylized Nature MegaKit[Standard]\OBJ\TwistedTree_1.mtl"
"TwistedTree_1.obj","959489","Stylized Nature MegaKit[Standard]\OBJ\TwistedTree_1.obj"
"TwistedTree_2.mtl","526","Stylized Nature MegaKit[Standard]\OBJ\TwistedTree_2.mtl"
"TwistedTree_2.obj","928477","Stylized Nature MegaKit[Standard]\OBJ\TwistedTree_2.obj"
"TwistedTree_3.mtl","526","Stylized Nature MegaKit[Standard]\OBJ\TwistedTree_3.mtl"
"TwistedTree_3.obj","1030379","Stylized Nature MegaKit[Standard]\OBJ\TwistedTree_3.obj"
"TwistedTree_4.mtl","526","Stylized Nature MegaKit[Standard]\OBJ\TwistedTree_4.mtl"
"TwistedTree_4.obj","994717","Stylized Nature MegaKit[Standard]\OBJ\TwistedTree_4.obj"
"TwistedTree_5.mtl","526","Stylized Nature MegaKit[Standard]\OBJ\TwistedTree_5.mtl"
"TwistedTree_5.obj","1046733","Stylized Nature MegaKit[Standard]\OBJ\TwistedTree_5.obj"
"Bark_DeadTree.png","4228870","Stylized Nature MegaKit[Standard]\Textures\Bark_DeadTree.png"
"Bark_DeadTree_Normal.png","5728199","Stylized Nature MegaKit[Standard]\Textures\Bark_DeadTree_Normal.png"
"Bark_NormalTree.png","3894788","Stylized Nature MegaKit[Standard]\Textures\Bark_NormalTree.png"
"Bark_NormalTree_Normal.png","4384496","Stylized Nature MegaKit[Standard]\Textures\Bark_NormalTree_Normal.png"
"Bark_TwistedTree.png","4630805","Stylized Nature MegaKit[Standard]\Textures\Bark_TwistedTree.png"
"Bark_TwistedTree_Normal.png","5728199","Stylized Nature MegaKit[Standard]\Textures\Bark_TwistedTree_Normal.png"
"Flowers.png","444609","Stylized Nature MegaKit[Standard]\Textures\Flowers.png"
"Grass.png","33605","Stylized Nature MegaKit[Standard]\Textures\Grass.png"
"Leaf_Pine.png","71747","Stylized Nature MegaKit[Standard]\Textures\Leaf_Pine.png"
"Leaf_Pine_C.png","70055","Stylized Nature MegaKit[Standard]\Textures\Leaf_Pine_C.png"
"Leaves.png","2586432","Stylized Nature MegaKit[Standard]\Textures\Leaves.png"
"Leaves_GiantPine_C.png","59613","Stylized Nature MegaKit[Standard]\Textures\Leaves_GiantPine_C.png"
"Leaves_NormalTree.png","158772","Stylized Nature MegaKit[Standard]\Textures\Leaves_NormalTree.png"
"Leaves_NormalTree_C.png","158796","Stylized Nature MegaKit[Standard]\Textures\Leaves_NormalTree_C.png"
"Leaves_TwistedTree.png","69611","Stylized Nature MegaKit[Standard]\Textures\Leaves_TwistedTree.png"
"Leaves_TwistedTree_C.png","70353","Stylized Nature MegaKit[Standard]\Textures\Leaves_TwistedTree_C.png"
"Mushrooms.png","1208660","Stylized Nature MegaKit[Standard]\Textures\Mushrooms.png"
"PathRocks_Diffuse.png","811732","Stylized Nature MegaKit[Standard]\Textures\PathRocks_Diffuse.png"
"Rocks_Desert_Diffuse.png","2095731","Stylized Nature MegaKit[Standard]\Textures\Rocks_Desert_Diffuse.png"
"Rocks_Diffuse.png","2517398","Stylized Nature MegaKit[Standard]\Textures\Rocks_Diffuse.png"
